{
  "_generated": "Generated by SweetTooth, do not edit", 
  "description": "Change the position of OSD windows (sound & luminosity popups).", 
  "gettext-domain": "move-osd-windows", 
  "name": "Move OSD Windows", 
  "shell-version": [
    "3.18",
    "3.20",
    "3.22",
    "3.24",
    "3.26",
    "3.28",
    "3.30",
    "3.32",
    "3.34",
    "3.36",
    "3.38"
  ], 
  "url": "https://github.com/Maestroschan/Move-OSD-Windows-GNOME-Extension", 
  "uuid": "move-osd-windows@maestroschan.fr", 
  "version": 3
}
